/*
 Navicat MySQL Data Transfer

 Source Server         : localhost
 Source Server Type    : MySQL
 Source Server Version : 50714
 Source Host           : localhost
 Source Database       : soapbox

 Target Server Type    : MySQL
 Target Server Version : 50714
 File Encoding         : utf-8

 Date: 08/10/2016 06:14:05 AM
*/

SET NAMES utf8mb4;
SET FOREIGN_KEY_CHECKS = 0;

-- ----------------------------
--  Table structure for `lots`
-- ----------------------------
DROP TABLE IF EXISTS `lots`;
CREATE TABLE `lots` (
  `lotID` int(9) NOT NULL AUTO_INCREMENT,
  `name` varchar(150) DEFAULT NULL,
  `city` varchar(200) DEFAULT NULL,
  `region` varchar(200) DEFAULT NULL,
  `country` varchar(200) DEFAULT NULL,
  `totalSpaces` int(9) DEFAULT NULL,
  `totalProfit` decimal(10,2) DEFAULT '0.00',
  PRIMARY KEY (`lotID`)
) ENGINE=InnoDB AUTO_INCREMENT=23 DEFAULT CHARSET=latin1;

-- ----------------------------
--  Records of `lots`
-- ----------------------------
BEGIN;
INSERT INTO `lots` VALUES ('20', 'Fortinos', 'Hamilton', 'Ontario', 'Canada', '230', '0.00'), ('21', 'YukYuks', 'Toronto', 'Ontario', 'Canada', '230', '0.00'), ('22', 'SoapBox', 'Toronto', 'Ontario', 'Canada', '400', '0.00');
COMMIT;

-- ----------------------------
--  Table structure for `rates`
-- ----------------------------
DROP TABLE IF EXISTS `rates`;
CREATE TABLE `rates` (
  `implemented` datetime NOT NULL DEFAULT CURRENT_TIMESTAMP,
  `rate` decimal(10,2) DEFAULT NULL,
  `dailyMax` decimal(10,2) DEFAULT NULL,
  PRIMARY KEY (`implemented`)
) ENGINE=InnoDB DEFAULT CHARSET=latin1 ROW_FORMAT=DYNAMIC;

-- ----------------------------
--  Records of `rates`
-- ----------------------------
BEGIN;
INSERT INTO `rates` VALUES ('2016-08-07 22:50:03', '2.00', '15.00'), ('2016-08-09 22:42:45', '3.00', '16.00'), ('2016-08-09 22:42:51', '3.00', '0.00'), ('2016-08-09 22:42:58', '0.00', '0.00'), ('2016-08-09 22:45:24', '3.00', '16.00');
COMMIT;

-- ----------------------------
--  Table structure for `spaces`
-- ----------------------------
DROP TABLE IF EXISTS `spaces`;
CREATE TABLE `spaces` (
  `lotID` int(9) NOT NULL,
  `spaceID` int(9) NOT NULL,
  `vehicleType` int(3) DEFAULT NULL,
  `available` int(1) DEFAULT NULL,
  PRIMARY KEY (`lotID`,`spaceID`)
) ENGINE=InnoDB DEFAULT CHARSET=latin1;

-- ----------------------------
--  Records of `spaces`
-- ----------------------------
BEGIN;
INSERT INTO `spaces` VALUES ('20', '0', '4', '0'), ('20', '1', '2', '1'), ('20', '2', '3', '1'), ('20', '3', '4', '1'), ('20', '4', '2', '1'), ('20', '5', '2', '1'), ('20', '6', '2', '1'), ('20', '7', '2', '1'), ('20', '8', '2', '1'), ('20', '9', '2', '1'), ('20', '10', '2', '1'), ('20', '11', '2', '1'), ('20', '12', '2', '1'), ('20', '13', '2', '1'), ('20', '14', '2', '1'), ('20', '15', '2', '1'), ('20', '16', '2', '1'), ('20', '17', '2', '1'), ('20', '18', '2', '1'), ('20', '19', '2', '1'), ('20', '20', '2', '1'), ('20', '21', '2', '1'), ('20', '22', '2', '1'), ('20', '23', '2', '1'), ('20', '24', '2', '1'), ('20', '25', '2', '1'), ('20', '26', '2', '1'), ('20', '27', '2', '1'), ('20', '28', '2', '1'), ('20', '29', '2', '1'), ('20', '30', '2', '1'), ('20', '31', '2', '1'), ('20', '32', '2', '1'), ('20', '33', '2', '1'), ('20', '34', '2', '1'), ('20', '35', '2', '1'), ('20', '36', '2', '1'), ('20', '37', '2', '1'), ('20', '38', '2', '1'), ('20', '39', '2', '1'), ('20', '40', '2', '1'), ('20', '41', '2', '1'), ('20', '42', '2', '1'), ('20', '43', '2', '1'), ('20', '44', '2', '1'), ('20', '45', '2', '1'), ('20', '46', '2', '1'), ('20', '47', '2', '1'), ('20', '48', '2', '1'), ('20', '49', '2', '1'), ('20', '50', '2', '1'), ('20', '51', '2', '1'), ('20', '52', '2', '1'), ('20', '53', '2', '1'), ('20', '54', '2', '1'), ('20', '55', '2', '1'), ('20', '56', '2', '1'), ('20', '57', '2', '1'), ('20', '58', '2', '1'), ('20', '59', '2', '1'), ('20', '60', '2', '1'), ('20', '61', '2', '1'), ('20', '62', '2', '1'), ('20', '63', '2', '1'), ('20', '64', '2', '1'), ('20', '65', '2', '1'), ('20', '66', '2', '1'), ('20', '67', '2', '1'), ('20', '68', '2', '1'), ('20', '69', '2', '1'), ('20', '70', '2', '1'), ('20', '71', '2', '1'), ('20', '72', '2', '1'), ('20', '73', '2', '1'), ('20', '74', '2', '1'), ('20', '75', '2', '1'), ('20', '76', '2', '1'), ('20', '77', '2', '1'), ('20', '78', '2', '1'), ('20', '79', '2', '1'), ('20', '80', '2', '1'), ('20', '81', '2', '1'), ('20', '82', '2', '1'), ('20', '83', '2', '1'), ('20', '84', '2', '1'), ('20', '85', '2', '1'), ('20', '86', '2', '1'), ('20', '87', '2', '1'), ('20', '88', '2', '1'), ('20', '89', '2', '1'), ('20', '90', '2', '1'), ('20', '91', '2', '1'), ('20', '92', '2', '1'), ('20', '93', '2', '1'), ('20', '94', '2', '1'), ('20', '95', '2', '1'), ('20', '96', '2', '1'), ('20', '97', '2', '1'), ('20', '98', '2', '1'), ('20', '99', '2', '1'), ('20', '100', '2', '1'), ('20', '101', '2', '1'), ('20', '102', '2', '1'), ('20', '103', '2', '1'), ('20', '104', '2', '1'), ('20', '105', '2', '1'), ('20', '106', '2', '1'), ('20', '107', '2', '1'), ('20', '108', '2', '1'), ('20', '109', '2', '1'), ('20', '110', '2', '1'), ('20', '111', '2', '1'), ('20', '112', '2', '1'), ('20', '113', '2', '1'), ('20', '114', '2', '1'), ('20', '115', '2', '1'), ('20', '116', '2', '1'), ('20', '117', '2', '1'), ('20', '118', '2', '1'), ('20', '119', '2', '1'), ('20', '120', '2', '1'), ('20', '121', '2', '1'), ('20', '122', '2', '1'), ('20', '123', '2', '1'), ('20', '124', '2', '1'), ('20', '125', '2', '1'), ('20', '126', '2', '1'), ('20', '127', '2', '1'), ('20', '128', '2', '1'), ('20', '129', '2', '1'), ('20', '130', '2', '1'), ('20', '131', '2', '1'), ('20', '132', '2', '1'), ('20', '133', '2', '1'), ('20', '134', '2', '1'), ('20', '135', '2', '1'), ('20', '136', '2', '1'), ('20', '137', '2', '1'), ('20', '138', '2', '1'), ('20', '139', '2', '1'), ('20', '140', '2', '1'), ('20', '141', '2', '1'), ('20', '142', '2', '1'), ('20', '143', '2', '1'), ('20', '144', '2', '1'), ('20', '145', '2', '1'), ('20', '146', '2', '1'), ('20', '147', '2', '1'), ('20', '148', '2', '1'), ('20', '149', '2', '1'), ('20', '150', '2', '1'), ('20', '151', '2', '1'), ('20', '152', '2', '1'), ('20', '153', '2', '1'), ('20', '154', '2', '1'), ('20', '155', '2', '1'), ('20', '156', '2', '1'), ('20', '157', '2', '1'), ('20', '158', '2', '1'), ('20', '159', '2', '1'), ('20', '160', '2', '1'), ('20', '161', '2', '1'), ('20', '162', '2', '1'), ('20', '163', '2', '1'), ('20', '164', '2', '1'), ('20', '165', '2', '1'), ('20', '166', '2', '1'), ('20', '167', '2', '1'), ('20', '168', '2', '1'), ('20', '169', '2', '1'), ('20', '170', '2', '1'), ('20', '171', '2', '1'), ('20', '172', '2', '1'), ('20', '173', '2', '1'), ('20', '174', '2', '1'), ('20', '175', '2', '1'), ('20', '176', '2', '1'), ('20', '177', '2', '1'), ('20', '178', '2', '1'), ('20', '179', '2', '1'), ('20', '180', '2', '1'), ('20', '181', '2', '1'), ('20', '182', '2', '1'), ('20', '183', '2', '1'), ('20', '184', '2', '1'), ('20', '185', '2', '1'), ('20', '186', '2', '1'), ('20', '187', '2', '1'), ('20', '188', '2', '1'), ('20', '189', '2', '1'), ('20', '190', '2', '1'), ('20', '191', '2', '1'), ('20', '192', '2', '1'), ('20', '193', '2', '1'), ('20', '194', '2', '1'), ('20', '195', '2', '1'), ('20', '196', '2', '1'), ('20', '197', '2', '1'), ('20', '198', '2', '1'), ('20', '199', '2', '1'), ('20', '200', '2', '1'), ('20', '201', '2', '1'), ('20', '202', '2', '1'), ('20', '203', '2', '1'), ('20', '204', '2', '1'), ('20', '205', '2', '1'), ('20', '206', '2', '1'), ('20', '207', '2', '1'), ('20', '208', '2', '1'), ('20', '209', '2', '1'), ('20', '210', '2', '1'), ('20', '211', '2', '1'), ('20', '212', '2', '1'), ('20', '213', '2', '1'), ('20', '214', '2', '1'), ('20', '215', '2', '1'), ('20', '216', '2', '1'), ('20', '217', '2', '1'), ('20', '218', '2', '1'), ('20', '219', '2', '1'), ('20', '220', '2', '1'), ('20', '221', '2', '1'), ('20', '222', '2', '1'), ('20', '223', '2', '1'), ('20', '224', '2', '1'), ('20', '225', '2', '1'), ('20', '226', '2', '1'), ('20', '227', '2', '1'), ('20', '228', '2', '1'), ('20', '229', '2', '1'), ('21', '1', '1', '1'), ('21', '2', '9', '0'), ('21', '3', '1', '1'), ('21', '4', '1', '1'), ('21', '5', '1', '1'), ('21', '6', '1', '1'), ('21', '7', '1', '1'), ('21', '8', '1', '1'), ('21', '9', '1', '1'), ('21', '10', '1', '1'), ('21', '11', '1', '1'), ('21', '12', '1', '1'), ('21', '13', '1', '1'), ('21', '14', '1', '1'), ('21', '15', '1', '1'), ('21', '16', '1', '1'), ('21', '17', '1', '1'), ('21', '18', '1', '1'), ('21', '19', '1', '1'), ('21', '20', '1', '1'), ('21', '21', '1', '1'), ('21', '22', '1', '1'), ('21', '23', '1', '1'), ('21', '24', '2', '1'), ('21', '25', '2', '1'), ('21', '26', '2', '1'), ('21', '27', '2', '1'), ('21', '28', '2', '1'), ('21', '29', '2', '1'), ('21', '30', '2', '1'), ('21', '31', '2', '1'), ('21', '32', '2', '1'), ('21', '33', '2', '1'), ('21', '34', '2', '1'), ('21', '35', '2', '1'), ('21', '36', '2', '1'), ('21', '37', '2', '1'), ('21', '38', '2', '1'), ('21', '39', '2', '1'), ('21', '40', '2', '1'), ('21', '41', '2', '1'), ('21', '42', '2', '1'), ('21', '43', '2', '1'), ('21', '44', '2', '1'), ('21', '45', '2', '1'), ('21', '46', '2', '1'), ('21', '47', '2', '1'), ('21', '48', '2', '1'), ('21', '49', '2', '1'), ('21', '50', '2', '1'), ('21', '51', '2', '1'), ('21', '52', '2', '1'), ('21', '53', '2', '1'), ('21', '54', '2', '1'), ('21', '55', '2', '1'), ('21', '56', '2', '1'), ('21', '57', '2', '1'), ('21', '58', '2', '1'), ('21', '59', '2', '1'), ('21', '60', '2', '1'), ('21', '61', '2', '1'), ('21', '62', '2', '1'), ('21', '63', '2', '1'), ('21', '64', '2', '1'), ('21', '65', '2', '1'), ('21', '66', '2', '1'), ('21', '67', '2', '1'), ('21', '68', '2', '1'), ('21', '69', '2', '1'), ('21', '70', '2', '1'), ('21', '71', '2', '1'), ('21', '72', '2', '1'), ('21', '73', '2', '1'), ('21', '74', '2', '1'), ('21', '75', '2', '1'), ('21', '76', '2', '1'), ('21', '77', '2', '1'), ('21', '78', '2', '1'), ('21', '79', '2', '1'), ('21', '80', '2', '1'), ('21', '81', '2', '1'), ('21', '82', '2', '1'), ('21', '83', '2', '1'), ('21', '84', '2', '1'), ('21', '85', '2', '1'), ('21', '86', '2', '1'), ('21', '87', '2', '1'), ('21', '88', '2', '1'), ('21', '89', '2', '1'), ('21', '90', '2', '1'), ('21', '91', '2', '1'), ('21', '92', '2', '1'), ('21', '93', '2', '1'), ('21', '94', '2', '1'), ('21', '95', '2', '1'), ('21', '96', '2', '1'), ('21', '97', '2', '1'), ('21', '98', '2', '1'), ('21', '99', '2', '1'), ('21', '100', '2', '1'), ('21', '101', '2', '1'), ('21', '102', '2', '1'), ('21', '103', '2', '1'), ('21', '104', '2', '1'), ('21', '105', '2', '1'), ('21', '106', '2', '1'), ('21', '107', '2', '1'), ('21', '108', '2', '1'), ('21', '109', '2', '1'), ('21', '110', '2', '1'), ('21', '111', '2', '1'), ('21', '112', '2', '1'), ('21', '113', '2', '1'), ('21', '114', '2', '1'), ('21', '115', '2', '1'), ('21', '116', '2', '1'), ('21', '117', '2', '1'), ('21', '118', '2', '1'), ('21', '119', '2', '1'), ('21', '120', '2', '1'), ('21', '121', '2', '1'), ('21', '122', '2', '1'), ('21', '123', '2', '1'), ('21', '124', '2', '1'), ('21', '125', '2', '1'), ('21', '126', '2', '1'), ('21', '127', '3', '1'), ('21', '128', '3', '1'), ('21', '129', '3', '1'), ('21', '130', '3', '1'), ('21', '131', '3', '1'), ('21', '132', '3', '1'), ('21', '133', '3', '1'), ('21', '134', '3', '1'), ('21', '135', '3', '1'), ('21', '136', '3', '1'), ('21', '137', '3', '1'), ('21', '138', '3', '1'), ('21', '139', '3', '1'), ('21', '140', '3', '1'), ('21', '141', '3', '1'), ('21', '142', '3', '1'), ('21', '143', '3', '1'), ('21', '144', '3', '1'), ('21', '145', '3', '1'), ('21', '146', '3', '1'), ('21', '147', '3', '1'), ('21', '148', '3', '1'), ('21', '149', '3', '1'), ('21', '150', '3', '1'), ('21', '151', '3', '1'), ('21', '152', '3', '1'), ('21', '153', '3', '1'), ('21', '154', '3', '1'), ('21', '155', '3', '1'), ('21', '156', '3', '1'), ('21', '157', '3', '1'), ('21', '158', '3', '1'), ('21', '159', '3', '1'), ('21', '160', '3', '1'), ('21', '161', '3', '1'), ('21', '162', '3', '1'), ('21', '163', '3', '1'), ('21', '164', '3', '1'), ('21', '165', '3', '1'), ('21', '166', '3', '1'), ('21', '167', '3', '1'), ('21', '168', '3', '1'), ('21', '169', '3', '1'), ('21', '170', '3', '1'), ('21', '171', '3', '1'), ('21', '172', '3', '1'), ('21', '173', '3', '1'), ('21', '174', '3', '1'), ('21', '175', '3', '1'), ('21', '176', '3', '1'), ('21', '177', '3', '1'), ('21', '178', '3', '1'), ('21', '179', '3', '1'), ('21', '180', '3', '1'), ('21', '181', '3', '1'), ('21', '182', '3', '1'), ('21', '183', '3', '1'), ('21', '184', '3', '1'), ('21', '185', '3', '1'), ('21', '186', '3', '1'), ('21', '187', '3', '1'), ('21', '188', '3', '1'), ('21', '189', '3', '1'), ('21', '190', '3', '1'), ('21', '191', '3', '1'), ('21', '192', '3', '1'), ('21', '193', '3', '1'), ('21', '194', '3', '1'), ('21', '195', '3', '1'), ('21', '196', '3', '1'), ('21', '197', '3', '1'), ('21', '198', '3', '1'), ('21', '199', '3', '1'), ('21', '200', '3', '1'), ('21', '201', '3', '1'), ('21', '202', '3', '1'), ('21', '203', '3', '1'), ('21', '204', '3', '1'), ('21', '205', '3', '1'), ('21', '206', '3', '1'), ('21', '207', '4', '1'), ('21', '208', '4', '1'), ('21', '209', '4', '1'), ('21', '210', '4', '1'), ('21', '211', '4', '1'), ('21', '212', '4', '1'), ('21', '213', '4', '1'), ('21', '214', '4', '1'), ('21', '215', '4', '1'), ('21', '216', '4', '1'), ('21', '217', '4', '1'), ('21', '218', '4', '1'), ('21', '219', '4', '1'), ('21', '220', '4', '1'), ('21', '221', '4', '1'), ('21', '222', '4', '1'), ('21', '223', '4', '1'), ('21', '224', '4', '1'), ('21', '225', '4', '1'), ('21', '226', '4', '1'), ('21', '227', '4', '1'), ('21', '228', '4', '1'), ('21', '229', '4', '1'), ('21', '230', '2', '1'), ('22', '1', '1', '1'), ('22', '2', '1', '1'), ('22', '3', '1', '1'), ('22', '4', '1', '1'), ('22', '5', '1', '1'), ('22', '6', '1', '1'), ('22', '7', '1', '1'), ('22', '8', '1', '1'), ('22', '9', '1', '1'), ('22', '10', '1', '1'), ('22', '11', '1', '1'), ('22', '12', '1', '1'), ('22', '13', '1', '1'), ('22', '14', '1', '1'), ('22', '15', '1', '1'), ('22', '16', '1', '1'), ('22', '17', '1', '1'), ('22', '18', '1', '1'), ('22', '19', '1', '1'), ('22', '20', '1', '1'), ('22', '21', '1', '1'), ('22', '22', '1', '1'), ('22', '23', '1', '1'), ('22', '24', '1', '1'), ('22', '25', '1', '1'), ('22', '26', '1', '1'), ('22', '27', '1', '1'), ('22', '28', '1', '1'), ('22', '29', '1', '1'), ('22', '30', '1', '1'), ('22', '31', '1', '1'), ('22', '32', '1', '1'), ('22', '33', '1', '1'), ('22', '34', '1', '1'), ('22', '35', '1', '1'), ('22', '36', '1', '1'), ('22', '37', '1', '1'), ('22', '38', '1', '1'), ('22', '39', '1', '1'), ('22', '40', '1', '1'), ('22', '41', '2', '1'), ('22', '42', '2', '1'), ('22', '43', '2', '1'), ('22', '44', '2', '1'), ('22', '45', '2', '1'), ('22', '46', '2', '1'), ('22', '47', '2', '1'), ('22', '48', '2', '1'), ('22', '49', '2', '1'), ('22', '50', '2', '1'), ('22', '51', '2', '1'), ('22', '52', '2', '1'), ('22', '53', '2', '1'), ('22', '54', '2', '1'), ('22', '55', '2', '1'), ('22', '56', '2', '1'), ('22', '57', '2', '1'), ('22', '58', '2', '1'), ('22', '59', '2', '1'), ('22', '60', '2', '1'), ('22', '61', '2', '1'), ('22', '62', '2', '1'), ('22', '63', '2', '1'), ('22', '64', '2', '1'), ('22', '65', '2', '1'), ('22', '66', '2', '1'), ('22', '67', '2', '1'), ('22', '68', '2', '1'), ('22', '69', '2', '1'), ('22', '70', '2', '1'), ('22', '71', '2', '1'), ('22', '72', '2', '1'), ('22', '73', '2', '1'), ('22', '74', '2', '1'), ('22', '75', '2', '1'), ('22', '76', '2', '1'), ('22', '77', '2', '1'), ('22', '78', '2', '1'), ('22', '79', '2', '1'), ('22', '80', '2', '1'), ('22', '81', '2', '1'), ('22', '82', '2', '1'), ('22', '83', '2', '1'), ('22', '84', '2', '1'), ('22', '85', '2', '1'), ('22', '86', '2', '1'), ('22', '87', '2', '1'), ('22', '88', '2', '1'), ('22', '89', '2', '1'), ('22', '90', '2', '1'), ('22', '91', '2', '1'), ('22', '92', '2', '1'), ('22', '93', '2', '1'), ('22', '94', '2', '1'), ('22', '95', '2', '1'), ('22', '96', '2', '1'), ('22', '97', '2', '1'), ('22', '98', '2', '1'), ('22', '99', '2', '1'), ('22', '100', '2', '1'), ('22', '101', '2', '1'), ('22', '102', '2', '1'), ('22', '103', '2', '1'), ('22', '104', '2', '1'), ('22', '105', '2', '1'), ('22', '106', '2', '1'), ('22', '107', '2', '1'), ('22', '108', '2', '1'), ('22', '109', '2', '1'), ('22', '110', '2', '1'), ('22', '111', '2', '1'), ('22', '112', '2', '1'), ('22', '113', '2', '1'), ('22', '114', '2', '1'), ('22', '115', '2', '1'), ('22', '116', '2', '1'), ('22', '117', '2', '1'), ('22', '118', '2', '1'), ('22', '119', '2', '1'), ('22', '120', '2', '1'), ('22', '121', '2', '1'), ('22', '122', '2', '1'), ('22', '123', '2', '1'), ('22', '124', '2', '1'), ('22', '125', '2', '1'), ('22', '126', '2', '1'), ('22', '127', '2', '1'), ('22', '128', '2', '1'), ('22', '129', '2', '1'), ('22', '130', '2', '1'), ('22', '131', '2', '1'), ('22', '132', '2', '1'), ('22', '133', '2', '1'), ('22', '134', '2', '1'), ('22', '135', '2', '1'), ('22', '136', '2', '1'), ('22', '137', '2', '1'), ('22', '138', '2', '1'), ('22', '139', '2', '1'), ('22', '140', '2', '1'), ('22', '141', '2', '1'), ('22', '142', '2', '1'), ('22', '143', '2', '1'), ('22', '144', '2', '1'), ('22', '145', '2', '1'), ('22', '146', '2', '1'), ('22', '147', '2', '1'), ('22', '148', '2', '1'), ('22', '149', '2', '1'), ('22', '150', '2', '1'), ('22', '151', '2', '1'), ('22', '152', '2', '1'), ('22', '153', '2', '1'), ('22', '154', '2', '1'), ('22', '155', '2', '1'), ('22', '156', '2', '1'), ('22', '157', '2', '1'), ('22', '158', '2', '1'), ('22', '159', '2', '1'), ('22', '160', '2', '1'), ('22', '161', '2', '1'), ('22', '162', '2', '1'), ('22', '163', '2', '1'), ('22', '164', '2', '1'), ('22', '165', '2', '1'), ('22', '166', '2', '1'), ('22', '167', '2', '1'), ('22', '168', '2', '1'), ('22', '169', '2', '1'), ('22', '170', '2', '1'), ('22', '171', '2', '1'), ('22', '172', '2', '1'), ('22', '173', '2', '1'), ('22', '174', '2', '1'), ('22', '175', '2', '1'), ('22', '176', '2', '1'), ('22', '177', '2', '1'), ('22', '178', '2', '1'), ('22', '179', '2', '1'), ('22', '180', '2', '1'), ('22', '181', '2', '1'), ('22', '182', '2', '1'), ('22', '183', '2', '1'), ('22', '184', '2', '1'), ('22', '185', '2', '1'), ('22', '186', '2', '1'), ('22', '187', '2', '1'), ('22', '188', '2', '1'), ('22', '189', '2', '1'), ('22', '190', '2', '1'), ('22', '191', '2', '1'), ('22', '192', '2', '1'), ('22', '193', '2', '1'), ('22', '194', '2', '1'), ('22', '195', '2', '1'), ('22', '196', '2', '1'), ('22', '197', '2', '1'), ('22', '198', '2', '1'), ('22', '199', '2', '1'), ('22', '200', '2', '1'), ('22', '201', '2', '1'), ('22', '202', '2', '1'), ('22', '203', '2', '1'), ('22', '204', '2', '1'), ('22', '205', '2', '1'), ('22', '206', '2', '1'), ('22', '207', '2', '1'), ('22', '208', '2', '1'), ('22', '209', '2', '1'), ('22', '210', '2', '1'), ('22', '211', '2', '1'), ('22', '212', '2', '1'), ('22', '213', '2', '1'), ('22', '214', '2', '1'), ('22', '215', '2', '1'), ('22', '216', '2', '1'), ('22', '217', '2', '1'), ('22', '218', '2', '1'), ('22', '219', '2', '1'), ('22', '220', '2', '1'), ('22', '221', '3', '1'), ('22', '222', '3', '1'), ('22', '223', '3', '1'), ('22', '224', '3', '1'), ('22', '225', '3', '1'), ('22', '226', '3', '1'), ('22', '227', '3', '1'), ('22', '228', '3', '1'), ('22', '229', '3', '1'), ('22', '230', '3', '1'), ('22', '231', '3', '1'), ('22', '232', '3', '1'), ('22', '233', '3', '1'), ('22', '234', '3', '1'), ('22', '235', '3', '1'), ('22', '236', '3', '1'), ('22', '237', '3', '1'), ('22', '238', '3', '1'), ('22', '239', '3', '1'), ('22', '240', '3', '1'), ('22', '241', '3', '1'), ('22', '242', '3', '1'), ('22', '243', '3', '1'), ('22', '244', '3', '1'), ('22', '245', '3', '1'), ('22', '246', '3', '1'), ('22', '247', '3', '1'), ('22', '248', '3', '1'), ('22', '249', '3', '1'), ('22', '250', '3', '1'), ('22', '251', '3', '1'), ('22', '252', '3', '1'), ('22', '253', '3', '1'), ('22', '254', '3', '1'), ('22', '255', '3', '1'), ('22', '256', '3', '1'), ('22', '257', '3', '1'), ('22', '258', '3', '1'), ('22', '259', '3', '1'), ('22', '260', '3', '1'), ('22', '261', '3', '1'), ('22', '262', '3', '1'), ('22', '263', '3', '1'), ('22', '264', '3', '1'), ('22', '265', '3', '1'), ('22', '266', '3', '1'), ('22', '267', '3', '1'), ('22', '268', '3', '1'), ('22', '269', '3', '1'), ('22', '270', '3', '1'), ('22', '271', '3', '1'), ('22', '272', '3', '1'), ('22', '273', '3', '1'), ('22', '274', '3', '1'), ('22', '275', '3', '1'), ('22', '276', '3', '1'), ('22', '277', '3', '1'), ('22', '278', '3', '1'), ('22', '279', '3', '1'), ('22', '280', '3', '1'), ('22', '281', '3', '1'), ('22', '282', '3', '1'), ('22', '283', '3', '1'), ('22', '284', '3', '1'), ('22', '285', '3', '1'), ('22', '286', '3', '1'), ('22', '287', '3', '1'), ('22', '288', '3', '1'), ('22', '289', '3', '1'), ('22', '290', '3', '1'), ('22', '291', '3', '1'), ('22', '292', '3', '1'), ('22', '293', '3', '1'), ('22', '294', '3', '1'), ('22', '295', '3', '1'), ('22', '296', '3', '1'), ('22', '297', '3', '1'), ('22', '298', '3', '1'), ('22', '299', '3', '1'), ('22', '300', '3', '1'), ('22', '301', '3', '1'), ('22', '302', '3', '1'), ('22', '303', '3', '1'), ('22', '304', '3', '1'), ('22', '305', '3', '1'), ('22', '306', '3', '1'), ('22', '307', '3', '1'), ('22', '308', '3', '1'), ('22', '309', '3', '1'), ('22', '310', '3', '1'), ('22', '311', '3', '1'), ('22', '312', '3', '1'), ('22', '313', '3', '1'), ('22', '314', '3', '1'), ('22', '315', '3', '1'), ('22', '316', '3', '1'), ('22', '317', '3', '1'), ('22', '318', '3', '1'), ('22', '319', '3', '1'), ('22', '320', '3', '1'), ('22', '321', '3', '1'), ('22', '322', '3', '1'), ('22', '323', '3', '1'), ('22', '324', '3', '1'), ('22', '325', '3', '1'), ('22', '326', '3', '1'), ('22', '327', '3', '1'), ('22', '328', '3', '1'), ('22', '329', '3', '1'), ('22', '330', '3', '1'), ('22', '331', '3', '1'), ('22', '332', '3', '1'), ('22', '333', '3', '1'), ('22', '334', '3', '1'), ('22', '335', '3', '1'), ('22', '336', '3', '1'), ('22', '337', '3', '1'), ('22', '338', '3', '1'), ('22', '339', '3', '1'), ('22', '340', '3', '1'), ('22', '341', '3', '1'), ('22', '342', '3', '1'), ('22', '343', '3', '1'), ('22', '344', '3', '1'), ('22', '345', '3', '1'), ('22', '346', '3', '1'), ('22', '347', '3', '1'), ('22', '348', '3', '1'), ('22', '349', '3', '1'), ('22', '350', '3', '1'), ('22', '351', '3', '1'), ('22', '352', '3', '1'), ('22', '353', '3', '1'), ('22', '354', '3', '1'), ('22', '355', '3', '1'), ('22', '356', '3', '1'), ('22', '357', '3', '1'), ('22', '358', '3', '1'), ('22', '359', '3', '1'), ('22', '360', '3', '1'), ('22', '361', '4', '1'), ('22', '362', '4', '1'), ('22', '363', '4', '1'), ('22', '364', '4', '1'), ('22', '365', '4', '1'), ('22', '366', '4', '1'), ('22', '367', '4', '1'), ('22', '368', '4', '1'), ('22', '369', '4', '1'), ('22', '370', '4', '1'), ('22', '371', '4', '1'), ('22', '372', '4', '1'), ('22', '373', '4', '1'), ('22', '374', '4', '1'), ('22', '375', '4', '1'), ('22', '376', '4', '1'), ('22', '377', '4', '1'), ('22', '378', '4', '1'), ('22', '379', '4', '1'), ('22', '380', '4', '1'), ('22', '381', '4', '1'), ('22', '382', '4', '1'), ('22', '383', '4', '1'), ('22', '384', '4', '1'), ('22', '385', '4', '1'), ('22', '386', '4', '1'), ('22', '387', '4', '1'), ('22', '388', '4', '1'), ('22', '389', '4', '1'), ('22', '390', '4', '1'), ('22', '391', '4', '1'), ('22', '392', '4', '1'), ('22', '393', '4', '1'), ('22', '394', '4', '1'), ('22', '395', '4', '1'), ('22', '396', '4', '1'), ('22', '397', '4', '1'), ('22', '398', '4', '1'), ('22', '399', '4', '1'), ('22', '400', '4', '1');
COMMIT;

-- ----------------------------
--  Table structure for `usage`
-- ----------------------------
DROP TABLE IF EXISTS `usage`;
CREATE TABLE `usage` (
  `lotID` int(9) NOT NULL,
  `spaceID` int(9) NOT NULL,
  `vehicleID` int(9) NOT NULL,
  `userID` int(9) DEFAULT NULL,
  `vehicleType` int(9) DEFAULT NULL,
  `checkIn` datetime NOT NULL DEFAULT CURRENT_TIMESTAMP,
  `checkOut` datetime DEFAULT NULL,
  `payment` decimal(11,2) DEFAULT NULL,
  `rate` decimal(10,2) DEFAULT NULL,
  PRIMARY KEY (`lotID`,`spaceID`,`vehicleID`,`checkIn`)
) ENGINE=InnoDB DEFAULT CHARSET=latin1;

-- ----------------------------
--  Records of `usage`
-- ----------------------------
BEGIN;
INSERT INTO `usage` VALUES ('21', '1', '1', '1', '2', '2016-08-07 20:01:38', null, '19.70', '0.45'), ('21', '2', '3', '2', '3', '2016-08-10 06:09:35', null, null, null);
COMMIT;

-- ----------------------------
--  Table structure for `users`
-- ----------------------------
DROP TABLE IF EXISTS `users`;
CREATE TABLE `users` (
  `userID` int(9) NOT NULL AUTO_INCREMENT,
  `firstName` varchar(50) DEFAULT NULL,
  `lastName` varchar(50) DEFAULT NULL,
  `phoneNumber` int(11) DEFAULT NULL,
  `usageFrequency` int(9) DEFAULT NULL,
  `totalPayment` decimal(10,2) DEFAULT NULL,
  PRIMARY KEY (`userID`)
) ENGINE=InnoDB AUTO_INCREMENT=5 DEFAULT CHARSET=latin1;

-- ----------------------------
--  Records of `users`
-- ----------------------------
BEGIN;
INSERT INTO `users` VALUES ('1', 'Marco', 'Carnicelli', '2147483647', '34', '800.00'), ('2', 'Aaron', 'Winship', '5559999', '2', '130.00'), ('3', 'Stephen', 'Biasutti', '3332222', '89', '4993.00'), ('4', 'Mark', 'Biasutti', '233423422', '21', '200.00');
COMMIT;

-- ----------------------------
--  Table structure for `vehicle`
-- ----------------------------
DROP TABLE IF EXISTS `vehicle`;
CREATE TABLE `vehicle` (
  `vehicleID` int(9) NOT NULL,
  `userID` int(9) DEFAULT NULL,
  `make` varchar(200) DEFAULT NULL,
  `model` varchar(100) DEFAULT NULL,
  `year` int(4) DEFAULT NULL,
  `plate` varchar(20) DEFAULT NULL,
  PRIMARY KEY (`vehicleID`)
) ENGINE=InnoDB DEFAULT CHARSET=latin1;

-- ----------------------------
--  Records of `vehicle`
-- ----------------------------
BEGIN;
INSERT INTO `vehicle` VALUES ('1', '8', 'ferarri', 'modena', '2010', 'L337'), ('2', '1', 'dodge', 'neon', '1988', 'AKSD200'), ('3', '2', 'ford', 'mustang', '2004', 'REKT'), ('4', '2', 'lotus', 'elise', '2012', 'F4ST');
COMMIT;

-- ----------------------------
--  Table structure for `vehicleType`
-- ----------------------------
DROP TABLE IF EXISTS `vehicleType`;
CREATE TABLE `vehicleType` (
  `typeID` int(3) NOT NULL,
  `name` varchar(50) DEFAULT NULL,
  `allotment` decimal(2,2) DEFAULT NULL,
  PRIMARY KEY (`typeID`)
) ENGINE=InnoDB DEFAULT CHARSET=latin1;

-- ----------------------------
--  Records of `vehicleType`
-- ----------------------------
BEGIN;
INSERT INTO `vehicleType` VALUES ('1', 'small', '0.10'), ('2', 'medium', '0.45'), ('3', 'large', '0.35'), ('4', 'super-sized', '0.10');
COMMIT;

SET FOREIGN_KEY_CHECKS = 1;
